-- Start a transaction
BEGIN;

-- Create table if not exists
CREATE TABLE IF NOT EXISTS django_migrations (
    id SERIAL PRIMARY KEY,
    app VARCHAR(255) NOT NULL,
    name VARCHAR(255) NOT NULL,
    applied TIMESTAMP NOT NULL
);


INSERT INTO django_migrations VALUES(1,'contenttypes','0001_initial','2023-12-22 10:03:19.132152');
INSERT INTO django_migrations VALUES(2,'auth','0001_initial','2023-12-22 10:03:19.139245');
INSERT INTO django_migrations VALUES(3,'admin','0001_initial','2023-12-22 10:03:19.143785');
INSERT INTO django_migrations VALUES(4,'admin','0002_logentry_remove_auto_add','2023-12-22 10:03:19.149171');
INSERT INTO django_migrations VALUES(5,'admin','0003_logentry_add_action_flag_choices','2023-12-22 10:03:19.152714');
INSERT INTO django_migrations VALUES(6,'contenttypes','0002_remove_content_type_name','2023-12-22 10:03:19.162275');
INSERT INTO django_migrations VALUES(7,'auth','0002_alter_permission_name_max_length','2023-12-22 10:03:19.167419');
INSERT INTO django_migrations VALUES(8,'auth','0003_alter_user_email_max_length','2023-12-22 10:03:19.172057');
INSERT INTO django_migrations VALUES(9,'auth','0004_alter_user_username_opts','2023-12-22 10:03:19.175296');
INSERT INTO django_migrations VALUES(10,'auth','0005_alter_user_last_login_null','2023-12-22 10:03:19.180185');
INSERT INTO django_migrations VALUES(11,'auth','0006_require_contenttypes_0002','2023-12-22 10:03:19.180975');
INSERT INTO django_migrations VALUES(12,'auth','0007_alter_validators_add_error_messages','2023-12-22 10:03:19.184245');
INSERT INTO django_migrations VALUES(13,'auth','0008_alter_user_username_max_length','2023-12-22 10:03:19.189194');
INSERT INTO django_migrations VALUES(14,'auth','0009_alter_user_last_name_max_length','2023-12-22 10:03:19.194384');
INSERT INTO django_migrations VALUES(15,'auth','0010_alter_group_name_max_length','2023-12-22 10:03:19.198637');
INSERT INTO django_migrations VALUES(16,'auth','0011_update_proxy_permissions','2023-12-22 10:03:19.201711');
INSERT INTO django_migrations VALUES(17,'auth','0012_alter_user_first_name_max_length','2023-12-22 10:03:19.205968');
INSERT INTO django_migrations VALUES(18,'sessions','0001_initial','2023-12-22 10:03:19.207504');
INSERT INTO django_migrations VALUES(19,'analysis','0001_initial','2023-12-22 10:09:23.211176');
INSERT INTO django_migrations VALUES(20,'analysis','0002_alter_data_is_executive_board_member_and_more','2023-12-24 03:41:55.886124');
CREATE TABLE IF NOT EXISTS "auth_group_permissions" ("id" integer NOT NULL PRIMARY KEY AUTOINCREMENT, "group_id" integer NOT NULL REFERENCES "auth_group" ("id") DEFERRABLE INITIALLY DEFERRED, "permission_id" integer NOT NULL REFERENCES "auth_permission" ("id") DEFERRABLE INITIALLY DEFERRED);
CREATE TABLE IF NOT EXISTS "auth_user_groups" ("id" integer NOT NULL PRIMARY KEY AUTOINCREMENT, "user_id" integer NOT NULL REFERENCES "auth_user" ("id") DEFERRABLE INITIALLY DEFERRED, "group_id" integer NOT NULL REFERENCES "auth_group" ("id") DEFERRABLE INITIALLY DEFERRED);
CREATE TABLE IF NOT EXISTS "auth_user_user_permissions" ("id" integer NOT NULL PRIMARY KEY AUTOINCREMENT, "user_id" integer NOT NULL REFERENCES "auth_user" ("id") DEFERRABLE INITIALLY DEFERRED, "permission_id" integer NOT NULL REFERENCES "auth_permission" ("id") DEFERRABLE INITIALLY DEFERRED);
CREATE TABLE IF NOT EXISTS "django_admin_log" ("id" integer NOT NULL PRIMARY KEY AUTOINCREMENT, "object_id" text NULL, "object_repr" varchar(200) NOT NULL, "action_flag" smallint unsigned NOT NULL CHECK ("action_flag" >= 0), "change_message" text NOT NULL, "content_type_id" integer NULL REFERENCES "django_content_type" ("id") DEFERRABLE INITIALLY DEFERRED, "user_id" integer NOT NULL REFERENCES "auth_user" ("id") DEFERRABLE INITIALLY DEFERRED, "action_time" datetime NOT NULL);
INSERT INTO django_admin_log VALUES(1,'1','2026/26.5',1,'new through import_export',7,1,'2023-12-22 10:36:33.035887');
INSERT INTO django_admin_log VALUES(2,'2','2027',1,'new through import_export',7,1,'2023-12-22 10:36:33.037049');
INSERT INTO django_admin_log VALUES(3,'3','2024/24.5',1,'new through import_export',7,1,'2023-12-22 10:36:33.037853');
INSERT INTO django_admin_log VALUES(4,'4','2027',1,'new through import_export',7,1,'2023-12-22 10:36:33.038704');
INSERT INTO django_admin_log VALUES(5,'5','2026/26.5',1,'new through import_export',7,1,'2023-12-22 10:36:33.039329');
INSERT INTO django_admin_log VALUES(6,'6','2025/25.5',1,'new through import_export',7,1,'2023-12-22 10:36:33.040062');
INSERT INTO django_admin_log VALUES(7,'7','2026/26.5',1,'new through import_export',7,1,'2023-12-22 10:36:33.040718');
INSERT INTO django_admin_log VALUES(8,'8','2025/25.5',1,'new through import_export',7,1,'2023-12-22 10:36:33.041406');
INSERT INTO django_admin_log VALUES(9,'9','2026/26.5',1,'new through import_export',7,1,'2023-12-22 10:36:33.042264');
INSERT INTO django_admin_log VALUES(10,'10','2025/25.5',1,'new through import_export',7,1,'2023-12-22 10:36:33.042950');
INSERT INTO django_admin_log VALUES(11,'11','2024/24.5',1,'new through import_export',7,1,'2023-12-22 10:36:33.043554');
INSERT INTO django_admin_log VALUES(12,'12','2027',1,'new through import_export',7,1,'2023-12-22 10:36:33.044114');
INSERT INTO django_admin_log VALUES(13,'13','2024/24.5',1,'new through import_export',7,1,'2023-12-22 10:36:33.044784');
INSERT INTO django_admin_log VALUES(14,'14','2027',1,'new through import_export',7,1,'2023-12-22 10:36:33.045442');
INSERT INTO django_admin_log VALUES(15,'15','2026/26.5',1,'new through import_export',7,1,'2023-12-22 10:36:33.046062');
INSERT INTO django_admin_log VALUES(16,'16','2025/25.5',1,'new through import_export',7,1,'2023-12-22 10:36:33.046617');
INSERT INTO django_admin_log VALUES(17,'17','2025/25.5',1,'new through import_export',7,1,'2023-12-22 10:36:33.047203');
INSERT INTO django_admin_log VALUES(18,'18','2025/25.5',1,'new through import_export',7,1,'2023-12-22 10:36:33.047800');
INSERT INTO django_admin_log VALUES(19,'19','2027',1,'new through import_export',7,1,'2023-12-22 10:36:33.048399');
INSERT INTO django_admin_log VALUES(20,'20','2026/26.5',1,'new through import_export',7,1,'2023-12-22 10:36:33.049017');
INSERT INTO django_admin_log VALUES(21,'21','2025/25.5',1,'new through import_export',7,1,'2023-12-22 10:36:33.049653');
INSERT INTO django_admin_log VALUES(22,'22','',1,'new through import_export',7,1,'2023-12-22 10:36:33.050291');
INSERT INTO django_admin_log VALUES(23,'23','2027',1,'new through import_export',7,1,'2023-12-22 10:36:33.050941');
INSERT INTO django_admin_log VALUES(24,'24','2024/24.5',1,'new through import_export',7,1,'2023-12-22 10:36:33.051681');
INSERT INTO django_admin_log VALUES(25,'25','2027',1,'new through import_export',7,1,'2023-12-22 10:36:33.052348');
INSERT INTO django_admin_log VALUES(26,'26','2027',1,'new through import_export',7,1,'2023-12-22 10:36:33.053085');
INSERT INTO django_admin_log VALUES(27,'27','2024/24.5',1,'new through import_export',7,1,'2023-12-22 10:36:33.053759');
INSERT INTO django_admin_log VALUES(28,'28','2026/26.5',1,'new through import_export',7,1,'2023-12-22 10:36:33.054393');
INSERT INTO django_admin_log VALUES(29,'29','2027',1,'new through import_export',7,1,'2023-12-22 10:36:33.055085');
INSERT INTO django_admin_log VALUES(30,'30','2024/24.5',1,'new through import_export',7,1,'2023-12-22 10:36:33.055710');
INSERT INTO django_admin_log VALUES(31,'31','2027',1,'new through import_export',7,1,'2023-12-22 10:36:33.056300');
INSERT INTO django_admin_log VALUES(32,'32','2026/26.5',1,'new through import_export',7,1,'2023-12-22 10:36:33.056996');
INSERT INTO django_admin_log VALUES(33,'33','2025/25.5',1,'new through import_export',7,1,'2023-12-22 10:36:33.057681');
INSERT INTO django_admin_log VALUES(34,'34','2026/26.5',1,'new through import_export',7,1,'2023-12-22 10:36:33.058292');
INSERT INTO django_admin_log VALUES(35,'35','2025/25.5',1,'new through import_export',7,1,'2023-12-22 10:36:33.058850');
INSERT INTO django_admin_log VALUES(36,'36','2025/25.5',1,'new through import_export',7,1,'2023-12-22 10:36:33.059417');
INSERT INTO django_admin_log VALUES(37,'37','2024/24.5',1,'new through import_export',7,1,'2023-12-22 10:36:33.060009');
INSERT INTO django_admin_log VALUES(38,'38','',1,'new through import_export',7,1,'2023-12-22 10:36:33.060633');
INSERT INTO django_admin_log VALUES(39,'39','2024/24.5',1,'new through import_export',7,1,'2023-12-22 10:36:33.061207');
INSERT INTO django_admin_log VALUES(40,'40','2024/24.5',1,'new through import_export',7,1,'2023-12-22 10:36:33.061821');
INSERT INTO django_admin_log VALUES(41,'41','2024/24.5',1,'new through import_export',7,1,'2023-12-22 10:36:33.062383');
INSERT INTO django_admin_log VALUES(42,'42','2026/26.5',1,'new through import_export',7,1,'2023-12-22 10:36:33.062997');
INSERT INTO django_admin_log VALUES(43,'43','2025/25.5',1,'new through import_export',7,1,'2023-12-22 10:36:33.063546');
INSERT INTO django_admin_log VALUES(44,'44','2026/26.5',1,'new through import_export',7,1,'2023-12-22 10:36:33.064068');
INSERT INTO django_admin_log VALUES(45,'45','2026/26.5',1,'new through import_export',7,1,'2023-12-22 10:36:33.064598');
INSERT INTO django_admin_log VALUES(46,'46','2025/25.5',1,'new through import_export',7,1,'2023-12-22 10:36:33.065137');
INSERT INTO django_admin_log VALUES(47,'47','2027',1,'new through import_export',7,1,'2023-12-22 10:36:33.065664');
INSERT INTO django_admin_log VALUES(48,'48','2026/26.5',1,'new through import_export',7,1,'2023-12-22 10:36:33.066289');
INSERT INTO django_admin_log VALUES(49,'49','2026/26.5',1,'new through import_export',7,1,'2023-12-22 10:36:33.066824');
INSERT INTO django_admin_log VALUES(50,'50','2025/25.5',1,'new through import_export',7,1,'2023-12-22 10:36:33.067326');
INSERT INTO django_admin_log VALUES(51,'51','2026/26.5',1,'new through import_export',7,1,'2023-12-22 10:36:33.067859');
INSERT INTO django_admin_log VALUES(52,'52','2026/26.5',1,'new through import_export',7,1,'2023-12-22 10:36:33.068389');
INSERT INTO django_admin_log VALUES(53,'53','2025/25.5',1,'new through import_export',7,1,'2023-12-22 10:36:33.068905');
INSERT INTO django_admin_log VALUES(54,'54','2025/25.5',1,'new through import_export',7,1,'2023-12-22 10:36:33.069420');
INSERT INTO django_admin_log VALUES(55,'55','2026/26.5',1,'new through import_export',7,1,'2023-12-22 10:36:33.069985');
INSERT INTO django_admin_log VALUES(56,'56','2025/25.5',1,'new through import_export',7,1,'2023-12-22 10:36:33.070565');
INSERT INTO django_admin_log VALUES(57,'57','2026/26.5',1,'new through import_export',7,1,'2023-12-22 10:36:33.071068');
INSERT INTO django_admin_log VALUES(58,'58','2024/24.5',1,'new through import_export',7,1,'2023-12-22 10:36:33.071566');
INSERT INTO django_admin_log VALUES(59,'59','2025/25.5',1,'new through import_export',7,1,'2023-12-22 10:36:33.072093');
INSERT INTO django_admin_log VALUES(60,'60','2024/24.5',1,'new through import_export',7,1,'2023-12-22 10:36:33.072594');
INSERT INTO django_admin_log VALUES(61,'61','2026/26.5',1,'new through import_export',7,1,'2023-12-22 10:36:33.073121');
INSERT INTO django_admin_log VALUES(62,'62','2027',1,'new through import_export',7,1,'2023-12-22 10:36:33.073633');
INSERT INTO django_admin_log VALUES(63,'63','2027',1,'new through import_export',7,1,'2023-12-22 10:36:33.074148');
INSERT INTO django_admin_log VALUES(64,'64','2026/26.5',1,'new through import_export',7,1,'2023-12-22 10:36:33.074621');
INSERT INTO django_admin_log VALUES(65,'65','2027',1,'new through import_export',7,1,'2023-12-22 10:36:33.075100');
INSERT INTO django_admin_log VALUES(66,'66','2026/26.5',1,'new through import_export',7,1,'2023-12-22 10:36:33.075571');
INSERT INTO django_admin_log VALUES(67,'67','2026/26.5',1,'new through import_export',7,1,'2023-12-22 10:36:33.076068');
INSERT INTO django_admin_log VALUES(68,'68','2027',1,'new through import_export',7,1,'2023-12-22 10:36:33.076556');
INSERT INTO django_admin_log VALUES(69,'69','2027',1,'new through import_export',7,1,'2023-12-22 10:36:33.077037');
INSERT INTO django_admin_log VALUES(70,'70','2024/24.5',1,'new through import_export',7,1,'2023-12-22 10:36:33.077519');
INSERT INTO django_admin_log VALUES(71,'71','2024/24.5',1,'new through import_export',7,1,'2023-12-22 10:36:33.077997');
INSERT INTO django_admin_log VALUES(72,'72','2027',1,'new through import_export',7,1,'2023-12-22 10:36:33.078732');
INSERT INTO django_admin_log VALUES(73,'72','2027',3,'',7,1,'2023-12-24 03:34:43.527603');
INSERT INTO django_admin_log VALUES(74,'71','2024/24.5',3,'',7,1,'2023-12-24 03:34:43.531906');
INSERT INTO django_admin_log VALUES(75,'70','2024/24.5',3,'',7,1,'2023-12-24 03:34:43.532640');
INSERT INTO django_admin_log VALUES(76,'69','2027',3,'',7,1,'2023-12-24 03:34:43.533280');
INSERT INTO django_admin_log VALUES(77,'68','2027',3,'',7,1,'2023-12-24 03:34:43.533905');
INSERT INTO django_admin_log VALUES(78,'67','2026/26.5',3,'',7,1,'2023-12-24 03:34:43.534521');
INSERT INTO django_admin_log VALUES(79,'66','2026/26.5',3,'',7,1,'2023-12-24 03:34:43.535101');
INSERT INTO django_admin_log VALUES(80,'65','2027',3,'',7,1,'2023-12-24 03:34:43.535819');
INSERT INTO django_admin_log VALUES(81,'64','2026/26.5',3,'',7,1,'2023-12-24 03:34:43.538493');
INSERT INTO django_admin_log VALUES(82,'63','2027',3,'',7,1,'2023-12-24 03:34:43.540354');
INSERT INTO django_admin_log VALUES(83,'62','2027',3,'',7,1,'2023-12-24 03:34:43.540974');
INSERT INTO django_admin_log VALUES(84,'61','2026/26.5',3,'',7,1,'2023-12-24 03:34:43.541853');
INSERT INTO django_admin_log VALUES(85,'60','2024/24.5',3,'',7,1,'2023-12-24 03:34:43.542450');
INSERT INTO django_admin_log VALUES(86,'59','2025/25.5',3,'',7,1,'2023-12-24 03:34:43.543196');
INSERT INTO django_admin_log VALUES(87,'58','2024/24.5',3,'',7,1,'2023-12-24 03:34:43.544071');
INSERT INTO django_admin_log VALUES(88,'57','2026/26.5',3,'',7,1,'2023-12-24 03:34:43.544592');
INSERT INTO django_admin_log VALUES(89,'56','2025/25.5',3,'',7,1,'2023-12-24 03:34:43.545113');
INSERT INTO django_admin_log VALUES(90,'55','2026/26.5',3,'',7,1,'2023-12-24 03:34:43.545734');
INSERT INTO django_admin_log VALUES(91,'54','2025/25.5',3,'',7,1,'2023-12-24 03:34:43.547034');
INSERT INTO django_admin_log VALUES(92,'53','2025/25.5',3,'',7,1,'2023-12-24 03:34:43.547604');
INSERT INTO django_admin_log VALUES(93,'52','2026/26.5',3,'',7,1,'2023-12-24 03:34:43.548390');
INSERT INTO django_admin_log VALUES(94,'51','2026/26.5',3,'',7,1,'2023-12-24 03:34:43.548922');
INSERT INTO django_admin_log VALUES(95,'50','2025/25.5',3,'',7,1,'2023-12-24 03:34:43.549842');
INSERT INTO django_admin_log VALUES(96,'49','2026/26.5',3,'',7,1,'2023-12-24 03:34:43.550458');
INSERT INTO django_admin_log VALUES(97,'48','2026/26.5',3,'',7,1,'2023-12-24 03:34:43.551018');
INSERT INTO django_admin_log VALUES(98,'47','2027',3,'',7,1,'2023-12-24 03:34:43.551561');
INSERT INTO django_admin_log VALUES(99,'46','2025/25.5',3,'',7,1,'2023-12-24 03:34:43.552259');
INSERT INTO django_admin_log VALUES(100,'45','2026/26.5',3,'',7,1,'2023-12-24 03:34:43.552915');
INSERT INTO django_admin_log VALUES(101,'44','2026/26.5',3,'',7,1,'2023-12-24 03:34:43.553549');
INSERT INTO django_admin_log VALUES(102,'43','2025/25.5',3,'',7,1,'2023-12-24 03:34:43.554132');
INSERT INTO django_admin_log VALUES(103,'42','2026/26.5',3,'',7,1,'2023-12-24 03:34:43.554752');
INSERT INTO django_admin_log VALUES(104,'41','2024/24.5',3,'',7,1,'2023-12-24 03:34:43.555942');
INSERT INTO django_admin_log VALUES(105,'40','2024/24.5',3,'',7,1,'2023-12-24 03:34:43.556497');
INSERT INTO django_admin_log VALUES(106,'39','2024/24.5',3,'',7,1,'2023-12-24 03:34:43.557046');
INSERT INTO django_admin_log VALUES(107,'38','',3,'',7,1,'2023-12-24 03:34:43.557766');
INSERT INTO django_admin_log VALUES(108,'37','2024/24.5',3,'',7,1,'2023-12-24 03:34:43.558423');
INSERT INTO django_admin_log VALUES(109,'36','2025/25.5',3,'',7,1,'2023-12-24 03:34:43.558971');
INSERT INTO django_admin_log VALUES(110,'35','2025/25.5',3,'',7,1,'2023-12-24 03:34:43.559542');
INSERT INTO django_admin_log VALUES(111,'34','2026/26.5',3,'',7,1,'2023-12-24 03:34:43.560115');
INSERT INTO django_admin_log VALUES(112,'33','2025/25.5',3,'',7,1,'2023-12-24 03:34:43.560635');
INSERT INTO django_admin_log VALUES(113,'32','2026/26.5',3,'',7,1,'2023-12-24 03:34:43.561616');
INSERT INTO django_admin_log VALUES(114,'31','2027',3,'',7,1,'2023-12-24 03:34:43.562123');
INSERT INTO django_admin_log VALUES(115,'30','2024/24.5',3,'',7,1,'2023-12-24 03:34:43.562647');
INSERT INTO django_admin_log VALUES(116,'29','2027',3,'',7,1,'2023-12-24 03:34:43.563974');
INSERT INTO django_admin_log VALUES(117,'28','2026/26.5',3,'',7,1,'2023-12-24 03:34:43.565721');
INSERT INTO django_admin_log VALUES(118,'27','2024/24.5',3,'',7,1,'2023-12-24 03:34:43.567577');
INSERT INTO django_admin_log VALUES(119,'26','2027',3,'',7,1,'2023-12-24 03:34:43.568827');
INSERT INTO django_admin_log VALUES(120,'25','2027',3,'',7,1,'2023-12-24 03:34:43.571064');
INSERT INTO django_admin_log VALUES(121,'24','2024/24.5',3,'',7,1,'2023-12-24 03:34:43.572161');
INSERT INTO django_admin_log VALUES(122,'23','2027',3,'',7,1,'2023-12-24 03:34:43.572823');
INSERT INTO django_admin_log VALUES(123,'22','',3,'',7,1,'2023-12-24 03:34:43.573393');
INSERT INTO django_admin_log VALUES(124,'21','2025/25.5',3,'',7,1,'2023-12-24 03:34:43.574009');
INSERT INTO django_admin_log VALUES(125,'20','2026/26.5',3,'',7,1,'2023-12-24 03:34:43.574558');
INSERT INTO django_admin_log VALUES(126,'19','2027',3,'',7,1,'2023-12-24 03:34:43.575169');
INSERT INTO django_admin_log VALUES(127,'18','2025/25.5',3,'',7,1,'2023-12-24 03:34:43.575780');
INSERT INTO django_admin_log VALUES(128,'17','2025/25.5',3,'',7,1,'2023-12-24 03:34:43.576387');
INSERT INTO django_admin_log VALUES(129,'16','2025/25.5',3,'',7,1,'2023-12-24 03:34:43.576959');
INSERT INTO django_admin_log VALUES(130,'15','2026/26.5',3,'',7,1,'2023-12-24 03:34:43.577527');
INSERT INTO django_admin_log VALUES(131,'14','2027',3,'',7,1,'2023-12-24 03:34:43.578140');
INSERT INTO django_admin_log VALUES(132,'13','2024/24.5',3,'',7,1,'2023-12-24 03:34:43.578738');
INSERT INTO django_admin_log VALUES(133,'12','2027',3,'',7,1,'2023-12-24 03:34:43.579333');
INSERT INTO django_admin_log VALUES(134,'11','2024/24.5',3,'',7,1,'2023-12-24 03:34:43.579856');
INSERT INTO django_admin_log VALUES(135,'10','2025/25.5',3,'',7,1,'2023-12-24 03:34:43.580378');
INSERT INTO django_admin_log VALUES(136,'9','2026/26.5',3,'',7,1,'2023-12-24 03:34:43.580888');
INSERT INTO django_admin_log VALUES(137,'8','2025/25.5',3,'',7,1,'2023-12-24 03:34:43.581418');
INSERT INTO django_admin_log VALUES(138,'7','2026/26.5',3,'',7,1,'2023-12-24 03:34:43.581962');
INSERT INTO django_admin_log VALUES(139,'6','2025/25.5',3,'',7,1,'2023-12-24 03:34:43.582474');
INSERT INTO django_admin_log VALUES(140,'5','2026/26.5',3,'',7,1,'2023-12-24 03:34:43.582974');
INSERT INTO django_admin_log VALUES(141,'4','2027',3,'',7,1,'2023-12-24 03:34:43.583476');
INSERT INTO django_admin_log VALUES(142,'3','2024/24.5',3,'',7,1,'2023-12-24 03:34:43.583993');
INSERT INTO django_admin_log VALUES(143,'2','2027',3,'',7,1,'2023-12-24 03:34:43.584514');
INSERT INTO django_admin_log VALUES(144,'1','2026/26.5',3,'',7,1,'2023-12-24 03:34:43.584983');
INSERT INTO django_admin_log VALUES(145,'73','2026/26.5',1,'new through import_export',7,1,'2023-12-24 03:34:55.817031');
INSERT INTO django_admin_log VALUES(146,'74','2027',1,'new through import_export',7,1,'2023-12-24 03:34:55.818408');
INSERT INTO django_admin_log VALUES(147,'75','2024/24.5',1,'new through import_export',7,1,'2023-12-24 03:34:55.819315');
INSERT INTO django_admin_log VALUES(148,'76','2027',1,'new through import_export',7,1,'2023-12-24 03:34:55.820510');
INSERT INTO django_admin_log VALUES(149,'77','2026/26.5',1,'new through import_export',7,1,'2023-12-24 03:34:55.821581');
INSERT INTO django_admin_log VALUES(150,'78','2025/25.5',1,'new through import_export',7,1,'2023-12-24 03:34:55.822442');
INSERT INTO django_admin_log VALUES(151,'79','2026/26.5',1,'new through import_export',7,1,'2023-12-24 03:34:55.823414');
INSERT INTO django_admin_log VALUES(152,'80','2025/25.5',1,'new through import_export',7,1,'2023-12-24 03:34:55.824292');
INSERT INTO django_admin_log VALUES(153,'81','2026/26.5',1,'new through import_export',7,1,'2023-12-24 03:34:55.825335');
INSERT INTO django_admin_log VALUES(154,'82','2025/25.5',1,'new through import_export',7,1,'2023-12-24 03:34:55.826340');
INSERT INTO django_admin_log VALUES(155,'83','2024/24.5',1,'new through import_export',7,1,'2023-12-24 03:34:55.827087');
INSERT INTO django_admin_log VALUES(156,'84','2027',1,'new through import_export',7,1,'2023-12-24 03:34:55.828043');
INSERT INTO django_admin_log VALUES(157,'85','2024/24.5',1,'new through import_export',7,1,'2023-12-24 03:34:55.829031');
INSERT INTO django_admin_log VALUES(158,'86','2027',1,'new through import_export',7,1,'2023-12-24 03:34:55.830045');
INSERT INTO django_admin_log VALUES(159,'87','2026/26.5',1,'new through import_export',7,1,'2023-12-24 03:34:55.830957');
INSERT INTO django_admin_log VALUES(160,'88','2025/25.5',1,'new through import_export',7,1,'2023-12-24 03:34:55.831836');
INSERT INTO django_admin_log VALUES(161,'89','2025/25.5',1,'new through import_export',7,1,'2023-12-24 03:34:55.832896');
INSERT INTO django_admin_log VALUES(162,'90','2025/25.5',1,'new through import_export',7,1,'2023-12-24 03:34:55.833591');
INSERT INTO django_admin_log VALUES(163,'91','2027',1,'new through import_export',7,1,'2023-12-24 03:34:55.834312');
INSERT INTO django_admin_log VALUES(164,'92','2026/26.5',1,'new through import_export',7,1,'2023-12-24 03:34:55.835142');
INSERT INTO django_admin_log VALUES(165,'93','2025/25.5',1,'new through import_export',7,1,'2023-12-24 03:34:55.836026');
INSERT INTO django_admin_log VALUES(166,'94','',1,'new through import_export',7,1,'2023-12-24 03:34:55.836804');
INSERT INTO django_admin_log VALUES(167,'95','2027',1,'new through import_export',7,1,'2023-12-24 03:34:55.837526');
INSERT INTO django_admin_log VALUES(168,'96','2024/24.5',1,'new through import_export',7,1,'2023-12-24 03:34:55.838238');
INSERT INTO django_admin_log VALUES(169,'97','2027',1,'new through import_export',7,1,'2023-12-24 03:34:55.838874');
INSERT INTO django_admin_log VALUES(170,'98','2027',1,'new through import_export',7,1,'2023-12-24 03:34:55.839437');
INSERT INTO django_admin_log VALUES(171,'99','2024/24.5',1,'new through import_export',7,1,'2023-12-24 03:34:55.840202');
INSERT INTO django_admin_log VALUES(172,'100','2026/26.5',1,'new through import_export',7,1,'2023-12-24 03:34:55.840824');
INSERT INTO django_admin_log VALUES(173,'101','2027',1,'new through import_export',7,1,'2023-12-24 03:34:55.841429');
INSERT INTO django_admin_log VALUES(174,'102','2024/24.5',1,'new through import_export',7,1,'2023-12-24 03:34:55.842049');
INSERT INTO django_admin_log VALUES(175,'103','2027',1,'new through import_export',7,1,'2023-12-24 03:34:55.842801');
INSERT INTO django_admin_log VALUES(176,'104','2026/26.5',1,'new through import_export',7,1,'2023-12-24 03:34:55.843492');
INSERT INTO django_admin_log VALUES(177,'105','2025/25.5',1,'new through import_export',7,1,'2023-12-24 03:34:55.844044');
INSERT INTO django_admin_log VALUES(178,'106','2026/26.5',1,'new through import_export',7,1,'2023-12-24 03:34:55.844489');
INSERT INTO django_admin_log VALUES(179,'107','2025/25.5',1,'new through import_export',7,1,'2023-12-24 03:34:55.845284');
INSERT INTO django_admin_log VALUES(180,'108','2025/25.5',1,'new through import_export',7,1,'2023-12-24 03:34:55.846077');
INSERT INTO django_admin_log VALUES(181,'109','2024/24.5',1,'new through import_export',7,1,'2023-12-24 03:34:55.847571');
INSERT INTO django_admin_log VALUES(182,'110','',1,'new through import_export',7,1,'2023-12-24 03:34:55.848173');
INSERT INTO django_admin_log VALUES(183,'111','2024/24.5',1,'new through import_export',7,1,'2023-12-24 03:34:55.848917');
INSERT INTO django_admin_log VALUES(184,'112','2024/24.5',1,'new through import_export',7,1,'2023-12-24 03:34:55.849600');
INSERT INTO django_admin_log VALUES(185,'113','2024/24.5',1,'new through import_export',7,1,'2023-12-24 03:34:55.850115');
INSERT INTO django_admin_log VALUES(186,'114','2026/26.5',1,'new through import_export',7,1,'2023-12-24 03:34:55.850638');
INSERT INTO django_admin_log VALUES(187,'115','2025/25.5',1,'new through import_export',7,1,'2023-12-24 03:34:55.851295');
INSERT INTO django_admin_log VALUES(188,'116','2026/26.5',1,'new through import_export',7,1,'2023-12-24 03:34:55.851963');
INSERT INTO django_admin_log VALUES(189,'117','2026/26.5',1,'new through import_export',7,1,'2023-12-24 03:34:55.852613');
INSERT INTO django_admin_log VALUES(190,'118','2025/25.5',1,'new through import_export',7,1,'2023-12-24 03:34:55.853212');
INSERT INTO django_admin_log VALUES(191,'119','2027',1,'new through import_export',7,1,'2023-12-24 03:34:55.853885');
INSERT INTO django_admin_log VALUES(192,'120','2026/26.5',1,'new through import_export',7,1,'2023-12-24 03:34:55.854564');
INSERT INTO django_admin_log VALUES(193,'121','2026/26.5',1,'new through import_export',7,1,'2023-12-24 03:34:55.855219');
INSERT INTO django_admin_log VALUES(194,'122','2025/25.5',1,'new through import_export',7,1,'2023-12-24 03:34:55.856029');
INSERT INTO django_admin_log VALUES(195,'123','2026/26.5',1,'new through import_export',7,1,'2023-12-24 03:34:55.856775');
INSERT INTO django_admin_log VALUES(196,'124','2026/26.5',1,'new through import_export',7,1,'2023-12-24 03:34:55.857611');
INSERT INTO django_admin_log VALUES(197,'125','2025/25.5',1,'new through import_export',7,1,'2023-12-24 03:34:55.858278');
INSERT INTO django_admin_log VALUES(198,'126','2025/25.5',1,'new through import_export',7,1,'2023-12-24 03:34:55.859082');
INSERT INTO django_admin_log VALUES(199,'127','2026/26.5',1,'new through import_export',7,1,'2023-12-24 03:34:55.859802');
INSERT INTO django_admin_log VALUES(200,'128','2025/25.5',1,'new through import_export',7,1,'2023-12-24 03:34:55.860377');
INSERT INTO django_admin_log VALUES(201,'129','2026/26.5',1,'new through import_export',7,1,'2023-12-24 03:34:55.860960');
INSERT INTO django_admin_log VALUES(202,'130','2024/24.5',1,'new through import_export',7,1,'2023-12-24 03:34:55.861649');
INSERT INTO django_admin_log VALUES(203,'131','2025/25.5',1,'new through import_export',7,1,'2023-12-24 03:34:55.862329');
INSERT INTO django_admin_log VALUES(204,'132','2024/24.5',1,'new through import_export',7,1,'2023-12-24 03:34:55.863031');
INSERT INTO django_admin_log VALUES(205,'133','2026/26.5',1,'new through import_export',7,1,'2023-12-24 03:34:55.863542');
INSERT INTO django_admin_log VALUES(206,'134','2027',1,'new through import_export',7,1,'2023-12-24 03:34:55.864145');
INSERT INTO django_admin_log VALUES(207,'135','2027',1,'new through import_export',7,1,'2023-12-24 03:34:55.864798');
INSERT INTO django_admin_log VALUES(208,'136','2026/26.5',1,'new through import_export',7,1,'2023-12-24 03:34:55.865507');
INSERT INTO django_admin_log VALUES(209,'137','2027',1,'new through import_export',7,1,'2023-12-24 03:34:55.866274');
INSERT INTO django_admin_log VALUES(210,'138','2026/26.5',1,'new through import_export',7,1,'2023-12-24 03:34:55.866912');
INSERT INTO django_admin_log VALUES(211,'139','2026/26.5',1,'new through import_export',7,1,'2023-12-24 03:34:55.867710');
INSERT INTO django_admin_log VALUES(212,'140','2027',1,'new through import_export',7,1,'2023-12-24 03:34:55.868225');
INSERT INTO django_admin_log VALUES(213,'141','2027',1,'new through import_export',7,1,'2023-12-24 03:34:55.868680');
INSERT INTO django_admin_log VALUES(214,'142','2024/24.5',1,'new through import_export',7,1,'2023-12-24 03:34:55.869264');
INSERT INTO django_admin_log VALUES(215,'143','2024/24.5',1,'new through import_export',7,1,'2023-12-24 03:34:55.869989');
INSERT INTO django_admin_log VALUES(216,'144','2027',1,'new through import_export',7,1,'2023-12-24 03:34:55.870734');
CREATE TABLE IF NOT EXISTS "django_content_type" ("id" integer NOT NULL PRIMARY KEY AUTOINCREMENT, "app_label" varchar(100) NOT NULL, "model" varchar(100) NOT NULL);
INSERT INTO django_content_type VALUES(1,'admin','logentry');
INSERT INTO django_content_type VALUES(2,'auth','permission');
INSERT INTO django_content_type VALUES(3,'auth','group');
INSERT INTO django_content_type VALUES(4,'auth','user');
INSERT INTO django_content_type VALUES(5,'contenttypes','contenttype');
INSERT INTO django_content_type VALUES(6,'sessions','session');
INSERT INTO django_content_type VALUES(7,'analysis','data');
CREATE TABLE IF NOT EXISTS "auth_permission" ("id" integer NOT NULL PRIMARY KEY AUTOINCREMENT, "content_type_id" integer NOT NULL REFERENCES "django_content_type" ("id") DEFERRABLE INITIALLY DEFERRED, "codename" varchar(100) NOT NULL, "name" varchar(255) NOT NULL);
INSERT INTO auth_permission VALUES(1,1,'add_logentry','Can add log entry');
INSERT INTO auth_permission VALUES(2,1,'change_logentry','Can change log entry');
INSERT INTO auth_permission VALUES(3,1,'delete_logentry','Can delete log entry');
INSERT INTO auth_permission VALUES(4,1,'view_logentry','Can view log entry');
INSERT INTO auth_permission VALUES(5,2,'add_permission','Can add permission');
INSERT INTO auth_permission VALUES(6,2,'change_permission','Can change permission');
INSERT INTO auth_permission VALUES(7,2,'delete_permission','Can delete permission');
INSERT INTO auth_permission VALUES(8,2,'view_permission','Can view permission');
INSERT INTO auth_permission VALUES(9,3,'add_group','Can add group');
INSERT INTO auth_permission VALUES(10,3,'change_group','Can change group');
INSERT INTO auth_permission VALUES(11,3,'delete_group','Can delete group');
INSERT INTO auth_permission VALUES(12,3,'view_group','Can view group');
INSERT INTO auth_permission VALUES(13,4,'add_user','Can add user');
INSERT INTO auth_permission VALUES(14,4,'change_user','Can change user');
INSERT INTO auth_permission VALUES(15,4,'delete_user','Can delete user');
INSERT INTO auth_permission VALUES(16,4,'view_user','Can view user');
INSERT INTO auth_permission VALUES(17,5,'add_contenttype','Can add content type');
INSERT INTO auth_permission VALUES(18,5,'change_contenttype','Can change content type');
INSERT INTO auth_permission VALUES(19,5,'delete_contenttype','Can delete content type');
INSERT INTO auth_permission VALUES(20,5,'view_contenttype','Can view content type');
INSERT INTO auth_permission VALUES(21,6,'add_session','Can add session');
INSERT INTO auth_permission VALUES(22,6,'change_session','Can change session');
INSERT INTO auth_permission VALUES(23,6,'delete_session','Can delete session');
INSERT INTO auth_permission VALUES(24,6,'view_session','Can view session');
INSERT INTO auth_permission VALUES(25,7,'add_data','Can add data');
INSERT INTO auth_permission VALUES(26,7,'change_data','Can change data');
INSERT INTO auth_permission VALUES(27,7,'delete_data','Can delete data');
INSERT INTO auth_permission VALUES(28,7,'view_data','Can view data');
CREATE TABLE IF NOT EXISTS "auth_group" ("id" integer NOT NULL PRIMARY KEY AUTOINCREMENT, "name" varchar(150) NOT NULL UNIQUE);
CREATE TABLE IF NOT EXISTS "auth_user" ("id" integer NOT NULL PRIMARY KEY AUTOINCREMENT, "password" varchar(128) NOT NULL, "last_login" datetime NULL, "is_superuser" bool NOT NULL, "username" varchar(150) NOT NULL UNIQUE, "last_name" varchar(150) NOT NULL, "email" varchar(254) NOT NULL, "is_staff" bool NOT NULL, "is_active" bool NOT NULL, "date_joined" datetime NOT NULL, "first_name" varchar(150) NOT NULL);
INSERT INTO auth_user VALUES(1,'pbkdf2_sha256$600000$c8BYSpXwgwF8uktBAKyraR$DDyakMnIuQyMKOIccpXR/3xSSRS+J1ixiHVMDTWKmbg=','2023-12-24 03:33:46.336829',1,'yifan2003','','yifan_zhang4@brown.edu',1,1,'2023-12-22 10:25:44.475958','');
CREATE TABLE IF NOT EXISTS "django_session" ("session_key" varchar(40) NOT NULL PRIMARY KEY, "session_data" text NOT NULL, "expire_date" datetime NOT NULL);
INSERT INTO django_session VALUES('0cpaxdlqm66jre96p77lkocbbh7nm4ui','.eJxVjMEOwiAQRP-FsyFsoYR69O43kGV3kaqhSWlPjf9um_Sgc5z3ZjYVcV1KXJvMcWR1VaAuv11Cekk9AD-xPiZNU13mMelD0Sdt-j6xvG-n-3dQsJV9TX0YOMjAJu9JORGLC5xdAg_ZmwSIBIYCdAaxD9ZbceQsZ5ulE1CfLyZCOUc:1rGcj9:TJk1SmRP6E8qJ5ctW7w48J3KM68E-zpX5doVWmQXyGE','2024-01-05 10:25:59.739201');
INSERT INTO django_session VALUES('0yyoq2pqdsszzt3eyq51x3dp3tdlkqca','.eJxVjMEOwiAQRP-FsyFsoYR69O43kGV3kaqhSWlPjf9um_Sgc5z3ZjYVcV1KXJvMcWR1VaAuv11Cekk9AD-xPiZNU13mMelD0Sdt-j6xvG-n-3dQsJV9TX0YOMjAJu9JORGLC5xdAg_ZmwSIBIYCdAaxD9ZbceQsZ5ulE1CfLyZCOUc:1rHFFK:yegwth8fdiJyasyMv3KJFCCTQNcuCQsF09Yn9Ah1dew','2024-01-07 03:33:46.337987');
CREATE TABLE IF NOT EXISTS "analysis_data" ("id" integer NOT NULL PRIMARY KEY AUTOINCREMENT, "class_year" varchar(255) NOT NULL, "attend_brown_or_risd" varchar(255) NOT NULL, "board_membership" varchar(255) NOT NULL, "is_executive_board_member" varchar(255) NOT NULL, "ethnicity" varchar(255) NOT NULL, "is_fgli" varchar(255) NOT NULL, "gender" varchar(255) NOT NULL, "sexual_orientation" varchar(255) NOT NULL, "is_international" varchar(255) NOT NULL, "country" varchar(255) NOT NULL, "is_new_staffer_this_semester" varchar(255) NOT NULL);
INSERT INTO analysis_data VALUES(73,'2026/26.5','Brown','Editorial','No','Black or African American;White or European','Yes','Female','Queer','Yes','','No');
INSERT INTO analysis_data VALUES(74,'2027','Brown','Data','No','White or European','No','Male','Gay/Lesbian','No','','Yes');
INSERT INTO analysis_data VALUES(75,'2024/24.5','Brown','Copy Edit','Yes','Asian or Asian American','No','Male','Heterosexual','No','','No');
INSERT INTO analysis_data VALUES(76,'2027','Brown','Editorial','No','Asian or Asian American','No','Female','Heterosexual','No','','Yes');
INSERT INTO analysis_data VALUES(77,'2026/26.5','Brown','Business','No','Hispanic or Latino/a','No','Female','Heterosexual','Yes','Brazil','Yes');
INSERT INTO analysis_data VALUES(78,'2025/25.5','Brown','Editorial','No','Hispanic or Latino/a','Yes','Female','Heterosexual','No','','No');
INSERT INTO analysis_data VALUES(79,'2026/26.5','Brown','Business','No','Asian or Asian American','Yes','Male','Gay/Lesbian','No','','No');
INSERT INTO analysis_data VALUES(80,'2025/25.5','Brown','Data','No','Asian or Asian American','No','Female','Heterosexual','Yes','China ','No');
INSERT INTO analysis_data VALUES(81,'2026/26.5','Brown','Editorial','','White or European','No','Male','Gay/Lesbian','No','','No');
INSERT INTO analysis_data VALUES(82,'2025/25.5','Brown','Interviews','No','White or European','Yes','Female','Heterosexual','No','','No');
INSERT INTO analysis_data VALUES(83,'2024/24.5','RISD','Editorial','No','Asian or Asian American','Yes','Female','Heterosexual','Yes','Korea','No');
INSERT INTO analysis_data VALUES(84,'2027','Brown','Editorial;Multimedia','No','Asian or Asian American','Yes','Female','Heterosexual','No','','Yes');
INSERT INTO analysis_data VALUES(85,'2024/24.5','Brown','','Yes','White or European','Yes','Male;Non-Binary','Gay/Lesbian;Queer','No','','No');
INSERT INTO analysis_data VALUES(86,'2027','Brown','Copy Edit','No','Asian or Asian American','No','Female','Pansexual;Queer','Yes','Taiwan','Yes');
INSERT INTO analysis_data VALUES(87,'2026/26.5','Brown','Copy Edit','No','Asian or Asian American;White or European','No','Female','Heterosexual','Yes','Japan','Yes');
INSERT INTO analysis_data VALUES(88,'2025/25.5','RISD','Creative','No','Asian or Asian American','No','Female','Asexual;Queer','Yes','China','Yes');
INSERT INTO analysis_data VALUES(89,'2025/25.5','Brown','Copy Edit;Editorial','Yes','Black or African American;White or European','No','Female','Heterosexual','No','','No');
INSERT INTO analysis_data VALUES(90,'2025/25.5','RISD','Data;Interviews','No','Asian or Asian American','No','Female','Questioning','Yes','Canada/China','Yes');
INSERT INTO analysis_data VALUES(91,'2027','Brown','Editorial','No','White or European','No','Female','Heterosexual','Yes','Ukraine','Yes');
INSERT INTO analysis_data VALUES(92,'2026/26.5','Brown','Copy Edit','No','White or European','No','Female','Heterosexual','No','','No');
INSERT INTO analysis_data VALUES(93,'2025/25.5','Brown','Data','Yes','Hispanic or Latino/a;White or European','No','Male','Heterosexual','No','n/a','No');
INSERT INTO analysis_data VALUES(94,'','','Creative','','Asian or Asian American','No','Female','Bisexual','Yes','','Yes');
INSERT INTO analysis_data VALUES(95,'2027','Brown','Copy Edit','No','White or European','No','Male','Heterosexual','No','','Yes');
INSERT INTO analysis_data VALUES(96,'2024/24.5','Brown','Editorial','No','White or European','No','Male','Bisexual','No','','No');
INSERT INTO analysis_data VALUES(97,'2027','Brown','Multimedia','No','White or European','No','Male','Heterosexual','No','','Yes');
INSERT INTO analysis_data VALUES(98,'2027','Brown','Editorial','No','Asian or Asian American;White or European','No','Male','Heterosexual','No','','Yes');
INSERT INTO analysis_data VALUES(99,'2024/24.5','RISD','Data','No','Asian or Asian American','No','Female','Heterosexual','No','','Yes');
INSERT INTO analysis_data VALUES(100,'2026/26.5','Brown','Editorial','No','White or European;Jewish','','Male','Heterosexual','No','','Yes');
INSERT INTO analysis_data VALUES(101,'2027','Brown','Editorial','No','Asian or Asian American','No','Male','Heterosexual','No','','Yes');
INSERT INTO analysis_data VALUES(102,'2024/24.5','Brown','Editorial','No','White or European','No','Female','Bisexual','No','','No');
INSERT INTO analysis_data VALUES(103,'2027','Brown','Data','No','Asian or Asian American','No','Male','Heterosexual','No','','Yes');
INSERT INTO analysis_data VALUES(104,'2026/26.5','Brown','Data','No','White or European','No','Male','Gay/Lesbian','No','','No');
INSERT INTO analysis_data VALUES(105,'2025/25.5','Brown','Copy Edit','No','White or European','No','Male','Gay/Lesbian','No','','No');
INSERT INTO analysis_data VALUES(106,'2026/26.5','Brown','Data','No','Asian or Asian American','No','Female','Heterosexual','No','','No');
INSERT INTO analysis_data VALUES(107,'2025/25.5','Brown','Editorial','Yes','White or European','No','Female','Heterosexual','No','','No');
INSERT INTO analysis_data VALUES(108,'2025/25.5','Brown','Editorial','No','Asian or Asian American;White or European','No','Male','Gay/Lesbian','No','','Yes');
INSERT INTO analysis_data VALUES(109,'2024/24.5','Brown','Editorial','Yes','White or European','No','Male','Heterosexual','No','','No');
INSERT INTO analysis_data VALUES(110,'','','','','White or European','No','Female','Heterosexual','No','','Yes');
INSERT INTO analysis_data VALUES(111,'2024/24.5','Brown','Editorial','No','White or European','Yes','Male','Bisexual','No','','No');
INSERT INTO analysis_data VALUES(112,'2024/24.5','RISD','Creative;Data','Yes','Asian or Asian American','No','Non-Binary','Asexual','No','','No');
INSERT INTO analysis_data VALUES(113,'2024/24.5','RISD','Creative','No','Asian or Asian American','Yes','Female','Asexual','No','','Yes');
INSERT INTO analysis_data VALUES(114,'2026/26.5','Brown','Business','No','Asian or Asian American','No','Male','Bisexual','Yes','Myanmar','Yes');
INSERT INTO analysis_data VALUES(115,'2025/25.5','Brown','Editorial','No','White or European;Jewish','No','Female','Bisexual','No','','No');
INSERT INTO analysis_data VALUES(116,'2026/26.5','Brown','Editorial','No','Asian or Asian American;White or European','No','Male','Heterosexual','No','','No');
INSERT INTO analysis_data VALUES(117,'2026/26.5','Brown','Editorial','No','White or European','No','Male','Heterosexual','No','','No');
INSERT INTO analysis_data VALUES(118,'2025/25.5','Brown','Business','Yes','Asian or Asian American','No','Female','','No','','Yes');
INSERT INTO analysis_data VALUES(119,'2027','Brown','Editorial','No','Asian or Asian American','No','Male','Heterosexual','No','','Yes');
INSERT INTO analysis_data VALUES(120,'2026/26.5','Brown','Copy Edit','No','Hispanic or Latino/a','Yes','Male','Heterosexual','No','','No');
INSERT INTO analysis_data VALUES(121,'2026/26.5','Brown','Editorial','No','Black or African American','No','Female','Heterosexual','Yes','Angola and Portugal','No');
INSERT INTO analysis_data VALUES(122,'2025/25.5','Brown','Interviews','No','White or European','No','Male','Heterosexual','No','','No');
INSERT INTO analysis_data VALUES(123,'2026/26.5','Brown','Copy Edit','No','Hispanic or Latino/a;White or European','No','Female','Queer','No','','No');
INSERT INTO analysis_data VALUES(124,'2026/26.5','Brown','Copy Edit','No','Hispanic or Latino/a','Yes','Female','','No','','Yes');
INSERT INTO analysis_data VALUES(125,'2025/25.5','Brown','Editorial','No','White or European','No','Female','Heterosexual','Yes','Germany','No');
INSERT INTO analysis_data VALUES(126,'2025/25.5','Brown','Editorial','Yes','Asian or Asian American','No','Male','Heterosexual','No','','No');
INSERT INTO analysis_data VALUES(127,'2026/26.5','Brown','Copy Edit;Editorial','No','Asian or Asian American','No','Female','Bisexual','No','','No');
INSERT INTO analysis_data VALUES(128,'2025/25.5','Brown','Editorial','No','Hispanic or Latino/a;White or European;Middle Eastern','No','Male','Heterosexual','No','','No');
INSERT INTO analysis_data VALUES(129,'2026/26.5','Brown','Data','Yes','White or European','No','Male','Heterosexual','No','','No');
INSERT INTO analysis_data VALUES(130,'2024/24.5','Brown','Interviews','Yes','White or European','No','Male','Heterosexual','No','','No');
INSERT INTO analysis_data VALUES(131,'2025/25.5','Brown','Business','No','White or European','No','Female','Heterosexual','No','','No');
INSERT INTO analysis_data VALUES(132,'2024/24.5','Brown','Business','Yes','White or European','No','Male','Heterosexual','No','','No');
INSERT INTO analysis_data VALUES(133,'2026/26.5','Brown','Business','No','Asian or Asian American','No','Female','Heterosexual','No','','Yes');
INSERT INTO analysis_data VALUES(134,'2027','Brown','Business;Interviews','No','White or European','No','Male','Heterosexual','No','','Yes');
INSERT INTO analysis_data VALUES(135,'2027','Brown','Business','No','Black or African American','No','Male','Heterosexual','No','','Yes');
INSERT INTO analysis_data VALUES(136,'2026/26.5','Brown','Business','No','White or European','No','Female','Heterosexual','No','','Yes');
INSERT INTO analysis_data VALUES(137,'2027','Brown','Business','No','White or European','Yes','Male','Heterosexual','Yes','Ukraine ','No');
INSERT INTO analysis_data VALUES(138,'2026/26.5','RISD','Creative','No','Asian or Asian American;White or European','No','Female','Queer','No','','Yes');
INSERT INTO analysis_data VALUES(139,'2026/26.5','RISD','Creative','No','Asian or Asian American','No','Male','Queer','No','','Yes');
INSERT INTO analysis_data VALUES(140,'2027','Brown','Editorial','No','White or European','No','Female','Questioning','Yes','Russia','Yes');
INSERT INTO analysis_data VALUES(141,'2027','RISD','Editorial','No','White or European','No','Male;Transgender','Bisexual','Yes','Russia, Slovenia','Yes');
INSERT INTO analysis_data VALUES(142,'2024/24.5','RISD','','No','Hispanic or Latino/a','','Male','Heterosexual','No','','Yes');
INSERT INTO analysis_data VALUES(143,'2024/24.5','Brown','Interviews','No','White or European','No','Male','Heterosexual','No','','No');
INSERT INTO analysis_data VALUES(144,'2027','Brown','Interviews','No','White or European','No','Male','Heterosexual','No','','Yes');
DELETE FROM sqlite_sequence;
INSERT INTO sqlite_sequence VALUES('django_migrations',20);
INSERT INTO sqlite_sequence VALUES('django_admin_log',216);
INSERT INTO sqlite_sequence VALUES('django_content_type',7);
INSERT INTO sqlite_sequence VALUES('auth_permission',28);
INSERT INTO sqlite_sequence VALUES('auth_group',0);
INSERT INTO sqlite_sequence VALUES('auth_user',1);
INSERT INTO sqlite_sequence VALUES('analysis_data',144);
CREATE UNIQUE INDEX "auth_group_permissions_group_id_permission_id_0cd325b0_uniq" ON "auth_group_permissions" ("group_id", "permission_id");
CREATE INDEX "auth_group_permissions_group_id_b120cbf9" ON "auth_group_permissions" ("group_id");
CREATE INDEX "auth_group_permissions_permission_id_84c5c92e" ON "auth_group_permissions" ("permission_id");
CREATE UNIQUE INDEX "auth_user_groups_user_id_group_id_94350c0c_uniq" ON "auth_user_groups" ("user_id", "group_id");
CREATE INDEX "auth_user_groups_user_id_6a12ed8b" ON "auth_user_groups" ("user_id");
CREATE INDEX "auth_user_groups_group_id_97559544" ON "auth_user_groups" ("group_id");
CREATE UNIQUE INDEX "auth_user_user_permissions_user_id_permission_id_14a6b632_uniq" ON "auth_user_user_permissions" ("user_id", "permission_id");
CREATE INDEX "auth_user_user_permissions_user_id_a95ead1b" ON "auth_user_user_permissions" ("user_id");
CREATE INDEX "auth_user_user_permissions_permission_id_1fbb5f2c" ON "auth_user_user_permissions" ("permission_id");
CREATE INDEX "django_admin_log_content_type_id_c4bce8eb" ON "django_admin_log" ("content_type_id");
CREATE INDEX "django_admin_log_user_id_c564eba6" ON "django_admin_log" ("user_id");
CREATE UNIQUE INDEX "django_content_type_app_label_model_76bd3d3b_uniq" ON "django_content_type" ("app_label", "model");
CREATE UNIQUE INDEX "auth_permission_content_type_id_codename_01ab375a_uniq" ON "auth_permission" ("content_type_id", "codename");
CREATE INDEX "auth_permission_content_type_id_2f476e4b" ON "auth_permission" ("content_type_id");
CREATE INDEX "django_session_expire_date_a5c62663" ON "django_session" ("expire_date");

COMMIT;
